"name","code_2019","category_2019","code_2018","category_2018","code_2017","category_2017","code_2016","category_2016","code_2015","category_2015","code_2014","category_2014"
"Gavia arctica",NA,NA,"LC","Least Concern",NA,NA,"LC","Least Concern",NA,NA,"LC","Least Concern"
"Phoebastria nigripes",NA,NA,"NT","Near Threatened","NT","Near Threatened","NT","Near Threatened",NA,NA,"NT","Near Threatened"
"Phoebastria irrorata",NA,NA,"CR","Critically Endangered","CR","Critically Endangered","CR","Critically Endangered","CR","Critically Endangered","CR","Critically Endangered"
"Thalassarche melanophris",NA,NA,"LC","Least Concern","LC","Least Concern","NT","Near Threatened",NA,NA,"NT","Near Threatened"
"Pterodroma macroptera",NA,NA,"LC","Least Concern",NA,NA,"LC","Least Concern",NA,NA,"LC","Least Concern"
"Pterodroma feae",NA,NA,"NT","Near Threatened","NT","Near Threatened","NT","Near Threatened",NA,NA,"NT","Near Threatened"
"Pterodroma deserta",NA,NA,"VU","Vulnerable","VU","Vulnerable","VU","Vulnerable",NA,NA,"VU","Vulnerable"
"Pterodroma inexpectata",NA,NA,"NT","Near Threatened",NA,NA,"NT","Near Threatened",NA,NA,"NT","Near Threatened"
"Calonectris diomedea",NA,NA,"LC","Least Concern","LC","Least Concern","LC","Least Concern","LC","Least Concern","LC","Least Concern"
"Calonectris borealis",NA,NA,"LC","Least Concern",NA,NA,"LC","Least Concern","LC","Least Concern","LC","Least Concern"
"Puffinus bryani",NA,NA,"CR","Critically Endangered",NA,NA,"CR","Critically Endangered","CR","Critically Endangered","CR","Critically Endangered"
"Puffinus lherminieri",NA,NA,"LC","Least Concern","LC","Least Concern","LC","Least Concern","LC","Least Concern","LC","Least Concern"
"Puffinus persicus",NA,NA,"LC","Least Concern",NA,NA,"LC","Least Concern",NA,NA,"LC","Least Concern"
"Puffinus bailloni",NA,NA,"LC","Least Concern",NA,NA,"LC","Least Concern",NA,NA,"LC","Least Concern"
"Puffinus subalaris",NA,NA,"LC","Least Concern","LC","Least Concern","LC","Least Concern",NA,NA,"LC","Least Concern"
"Puffinus bannermani",NA,NA,"EN","Endangered",NA,NA,"EN","Endangered",NA,NA,"EN","Endangered"
"Puffinus assimilis",NA,NA,"LC","Least Concern",NA,NA,"LC","Least Concern","LC","Least Concern","LC","Least Concern"
"Oceanites pincoyae",NA,NA,"DD","Data Deficient","DD","Data Deficient","DD","Data Deficient",NA,NA,"DD","Data Deficient"
"Leucocarbo atriceps",NA,NA,"LC","Least Concern",NA,NA,"LC","Least Concern",NA,NA,"LC","Least Concern"
"Leucocarbo verrucosus",NA,NA,"LC","Least Concern",NA,NA,"LC","Least Concern",NA,NA,"LC","Least Concern"
"Larus argentatus",NA,NA,"LC","Least Concern",NA,NA,"LC","Least Concern","LC","Least Concern","LC","Least Concern"
"Larus smithsonianus",NA,NA,"LC","Least Concern",NA,NA,"LC","Least Concern",NA,NA,"LC","Least Concern"
"Larus cachinnans",NA,NA,"LC","Least Concern","LC","Least Concern","LC","Least Concern",NA,NA,"LC","Least Concern"
"Larus michahellis","LC","Least Concern","LC","Least Concern","LC","Least Concern","LC","Least Concern",NA,NA,"LC","Least Concern"
"Larus armenicus","NT","Near Threatened",NA,NA,NA,NA,"NT","Near Threatened","NT","Near Threatened","LC","Least Concern"
"Gelochelidon nilotica","LC","Least Concern","LC","Least Concern",NA,NA,"LC","Least Concern","LC","Least Concern","LC","Least Concern"
"Brachyramphus brevirostris",NA,NA,"NT","Near Threatened",NA,NA,"NT","Near Threatened",NA,NA,"NT","Near Threatened"
"Synthliboramphus hypoleucus",NA,NA,"EN","Endangered",NA,NA,"EN","Endangered",NA,NA,"EN","Endangered"
"Synthliboramphus scrippsi",NA,NA,"VU","Vulnerable",NA,NA,"VU","Vulnerable",NA,NA,"VU","Vulnerable"
"Somateria mollissima",NA,NA,"NT","Near Threatened",NA,NA,"NT","Near Threatened","NT","Near Threatened",NA,NA
"Melanitta fusca",NA,NA,"VU","Vulnerable",NA,NA,"VU","Vulnerable","VU","Vulnerable",NA,NA
"Mergellus albellus",NA,NA,NA,NA,NA,NA,"LC","Least Concern","LC","Least Concern",NA,NA
"Gavia adamsii",NA,NA,"NT","Near Threatened",NA,NA,"NT","Near Threatened","NT","Near Threatened",NA,NA
"Eudyptes schlegeli",NA,NA,"NT","Near Threatened",NA,NA,"NT","Near Threatened","NT","Near Threatened",NA,NA
"Spheniscus demersus",NA,NA,"EN","Endangered",NA,NA,"EN","Endangered","EN","Endangered",NA,NA
"Phoebastria albatrus",NA,NA,"VU","Vulnerable","VU","Vulnerable","VU","Vulnerable","VU","Vulnerable",NA,NA
"Diomedea amsterdamensis",NA,NA,"EN","Endangered","CR","Critically Endangered","CR","Critically Endangered","CR","Critically Endangered",NA,NA
"Diomedea dabbenena",NA,NA,"CR","Critically Endangered","CR","Critically Endangered","CR","Critically Endangered","CR","Critically Endangered",NA,NA
"Pterodroma magentae",NA,NA,"CR","Critically Endangered",NA,NA,"CR","Critically Endangered","CR","Critically Endangered",NA,NA
"Pterodroma phaeopygia",NA,NA,"CR","Critically Endangered","CR","Critically Endangered","CR","Critically Endangered","CR","Critically Endangered",NA,NA
"Pterodroma axillaris",NA,NA,"VU","Vulnerable",NA,NA,"VU","Vulnerable","VU","Vulnerable",NA,NA
"Pseudobulweria aterrima",NA,NA,"CR","Critically Endangered",NA,NA,"CR","Critically Endangered","CR","Critically Endangered",NA,NA
"Pseudobulweria becki",NA,NA,"CR","Critically Endangered",NA,NA,"CR","Critically Endangered","CR","Critically Endangered",NA,NA
"Pseudobulweria macgillivrayi",NA,NA,"CR","Critically Endangered",NA,NA,"CR","Critically Endangered","CR","Critically Endangered",NA,NA
"Procellaria aequinoctialis",NA,NA,"VU","Vulnerable","VU","Vulnerable","VU","Vulnerable","VU","Vulnerable",NA,NA
"Calonectris leucomelas",NA,NA,"NT","Near Threatened","NT","Near Threatened","NT","Near Threatened","NT","Near Threatened",NA,NA
"Puffinus yelkouan",NA,NA,"VU","Vulnerable",NA,NA,"VU","Vulnerable","VU","Vulnerable",NA,NA
"Puffinus mauretanicus",NA,NA,"CR","Critically Endangered",NA,NA,"CR","Critically Endangered","CR","Critically Endangered",NA,NA
"Puffinus auricularis",NA,NA,"CR","Critically Endangered",NA,NA,"CR","Critically Endangered","CR","Critically Endangered",NA,NA
"Bulweria fallax",NA,NA,"NT","Near Threatened",NA,NA,"NT","Near Threatened","NT","Near Threatened",NA,NA
"Fregetta maoriana",NA,NA,"CR","Critically Endangered",NA,NA,"CR","Critically Endangered","CR","Critically Endangered",NA,NA
"Podiceps auritus",NA,NA,"VU","Vulnerable",NA,NA,"VU","Vulnerable","VU","Vulnerable",NA,NA
"Fregata andrewsi",NA,NA,"CR","Critically Endangered",NA,NA,"CR","Critically Endangered","CR","Critically Endangered",NA,NA
"Microcarbo coronatus",NA,NA,"NT","Near Threatened","NT","Near Threatened","NT","Near Threatened","NT","Near Threatened",NA,NA
"Phalacrocorax neglectus",NA,NA,"EN","Endangered",NA,NA,"EN","Endangered","EN","Endangered",NA,NA
"Chionis albus",NA,NA,NA,NA,"LC","Least Concern","LC","Least Concern","LC","Least Concern",NA,NA
"Rissa brevirostris",NA,NA,"VU","Vulnerable","VU","Vulnerable","VU","Vulnerable","VU","Vulnerable",NA,NA
"Hydroprogne caspia","LC","Least Concern","LC","Least Concern",NA,NA,"LC","Least Concern","LC","Least Concern",NA,NA
"Thalasseus bergii",NA,NA,"LC","Least Concern",NA,NA,"LC","Least Concern","LC","Least Concern",NA,NA
"Thalasseus bernsteini",NA,NA,"CR","Critically Endangered","CR","Critically Endangered","CR","Critically Endangered","CR","Critically Endangered",NA,NA
"Sternula balaenarum",NA,NA,"VU","Vulnerable",NA,NA,"VU","Vulnerable","NT","Near Threatened",NA,NA
"Onychoprion aleuticus",NA,NA,"VU","Vulnerable","VU","Vulnerable","LC","Least Concern","LC","Least Concern",NA,NA
"Chlidonias leucopterus",NA,NA,NA,NA,NA,NA,"LC","Least Concern","LC","Least Concern",NA,NA
"Alca torda",NA,NA,"NT","Near Threatened",NA,NA,"NT","Near Threatened","NT","Near Threatened",NA,NA
"Ptychoramphus aleuticus",NA,NA,"NT","Near Threatened",NA,NA,"NT","Near Threatened","NT","Near Threatened",NA,NA
"Fratercula arctica",NA,NA,"VU","Vulnerable","VU","Vulnerable","VU","Vulnerable","VU","Vulnerable",NA,NA
"Tachyeres patachonicus",NA,NA,"LC","Least Concern",NA,NA,"LC","Least Concern",NA,NA,NA,NA
"Tachyeres pteneres",NA,NA,"LC","Least Concern",NA,NA,"LC","Least Concern",NA,NA,NA,NA
"Tachyeres brachypterus",NA,NA,"LC","Least Concern",NA,NA,"LC","Least Concern",NA,NA,NA,NA
"Tachyeres leucocephalus",NA,NA,"VU","Vulnerable",NA,NA,"VU","Vulnerable",NA,NA,NA,NA
"Aythya marila",NA,NA,"LC","Least Concern",NA,NA,"LC","Least Concern",NA,NA,NA,NA
"Polysticta stelleri",NA,NA,"VU","Vulnerable",NA,NA,"VU","Vulnerable",NA,NA,NA,NA
"Somateria fischeri",NA,NA,"LC","Least Concern",NA,NA,"LC","Least Concern",NA,NA,NA,NA
"Somateria spectabilis",NA,NA,"LC","Least Concern",NA,NA,"LC","Least Concern",NA,NA,NA,NA
"Histrionicus histrionicus",NA,NA,"LC","Least Concern",NA,NA,"LC","Least Concern",NA,NA,NA,NA
"Melanitta perspicillata",NA,NA,"LC","Least Concern",NA,NA,"LC","Least Concern",NA,NA,NA,NA
"Melanitta deglandi",NA,NA,"LC","Least Concern",NA,NA,"LC","Least Concern",NA,NA,NA,NA
"Melanitta nigra",NA,NA,"LC","Least Concern",NA,NA,"LC","Least Concern",NA,NA,NA,NA
"Melanitta americana",NA,NA,"NT","Near Threatened",NA,NA,"NT","Near Threatened",NA,NA,NA,NA
"Clangula hyemalis",NA,NA,"VU","Vulnerable","VU","Vulnerable","VU","Vulnerable",NA,NA,NA,NA
"Bucephala albeola",NA,NA,NA,NA,NA,NA,"LC","Least Concern",NA,NA,NA,NA
"Bucephala clangula",NA,NA,"LC","Least Concern",NA,NA,"LC","Least Concern",NA,NA,NA,NA
"Bucephala islandica",NA,NA,"LC","Least Concern",NA,NA,"LC","Least Concern",NA,NA,NA,NA
"Lophodytes cucullatus",NA,NA,NA,NA,NA,NA,"LC","Least Concern",NA,NA,NA,NA
"Mergus merganser",NA,NA,"LC","Least Concern",NA,NA,"LC","Least Concern",NA,NA,NA,NA
"Mergus serrator",NA,NA,"LC","Least Concern",NA,NA,"LC","Least Concern",NA,NA,NA,NA
"Gavia stellata",NA,NA,"LC","Least Concern",NA,NA,"LC","Least Concern",NA,NA,NA,NA
"Gavia pacifica",NA,NA,"LC","Least Concern",NA,NA,"LC","Least Concern",NA,NA,NA,NA
"Gavia immer",NA,NA,"LC","Least Concern",NA,NA,"LC","Least Concern",NA,NA,NA,NA
"Aptenodytes patagonicus",NA,NA,"LC","Least Concern","LC","Least Concern","LC","Least Concern",NA,NA,NA,NA
"Aptenodytes forsteri",NA,NA,"NT","Near Threatened",NA,NA,"NT","Near Threatened",NA,NA,NA,NA
"Pygoscelis papua",NA,NA,"LC","Least Concern",NA,NA,"LC","Least Concern",NA,NA,NA,NA
"Pygoscelis adeliae",NA,NA,"LC","Least Concern",NA,NA,"LC","Least Concern",NA,NA,NA,NA
"Pygoscelis antarcticus",NA,NA,"LC","Least Concern",NA,NA,"LC","Least Concern",NA,NA,NA,NA
"Eudyptes pachyrhynchus",NA,NA,"VU","Vulnerable",NA,NA,"VU","Vulnerable",NA,NA,NA,NA
"Eudyptes robustus",NA,NA,"VU","Vulnerable","VU","Vulnerable","VU","Vulnerable",NA,NA,NA,NA
"Eudyptes sclateri",NA,NA,NA,NA,NA,NA,"EN","Endangered",NA,NA,NA,NA
"Eudyptes chrysocome",NA,NA,"VU","Vulnerable",NA,NA,"VU","Vulnerable",NA,NA,NA,NA
"Eudyptes moseleyi",NA,NA,"EN","Endangered","EN","Endangered","EN","Endangered",NA,NA,NA,NA
"Eudyptes chrysolophus",NA,NA,"VU","Vulnerable","VU","Vulnerable","VU","Vulnerable",NA,NA,NA,NA
"Megadyptes antipodes",NA,NA,"EN","Endangered",NA,NA,"EN","Endangered",NA,NA,NA,NA
"Eudyptula minor",NA,NA,"LC","Least Concern",NA,NA,"LC","Least Concern",NA,NA,NA,NA
"Spheniscus magellanicus",NA,NA,"NT","Near Threatened",NA,NA,"NT","Near Threatened",NA,NA,NA,NA
"Spheniscus humboldti",NA,NA,"VU","Vulnerable","VU","Vulnerable","VU","Vulnerable",NA,NA,NA,NA
"Spheniscus mendiculus",NA,NA,"EN","Endangered",NA,NA,"EN","Endangered",NA,NA,NA,NA
"Phoebastria immutabilis",NA,NA,"NT","Near Threatened",NA,NA,"NT","Near Threatened",NA,NA,NA,NA
"Diomedea exulans",NA,NA,"VU","Vulnerable","VU","Vulnerable","VU","Vulnerable",NA,NA,NA,NA
"Diomedea antipodensis",NA,NA,"EN","Endangered","EN","Endangered","VU","Vulnerable",NA,NA,NA,NA
"Diomedea epomophora",NA,NA,"VU","Vulnerable","VU","Vulnerable","VU","Vulnerable",NA,NA,NA,NA
"Diomedea sanfordi",NA,NA,"EN","Endangered",NA,NA,"EN","Endangered",NA,NA,NA,NA
"Phoebetria fusca",NA,NA,"EN","Endangered",NA,NA,"EN","Endangered",NA,NA,NA,NA
"Phoebetria palpebrata",NA,NA,"NT","Near Threatened","NT","Near Threatened","NT","Near Threatened",NA,NA,NA,NA
"Thalassarche impavida",NA,NA,"VU","Vulnerable",NA,NA,"VU","Vulnerable",NA,NA,NA,NA
"Thalassarche cauta",NA,NA,"NT","Near Threatened",NA,NA,"NT","Near Threatened",NA,NA,NA,NA
"Thalassarche eremita",NA,NA,"VU","Vulnerable","VU","Vulnerable","VU","Vulnerable",NA,NA,NA,NA
"Thalassarche salvini",NA,NA,"VU","Vulnerable","VU","Vulnerable","VU","Vulnerable",NA,NA,NA,NA
"Thalassarche chrysostoma",NA,NA,"EN","Endangered",NA,NA,"EN","Endangered",NA,NA,NA,NA
"Thalassarche chlororhynchos",NA,NA,"EN","Endangered",NA,NA,"EN","Endangered",NA,NA,NA,NA
"Thalassarche carteri",NA,NA,"EN","Endangered","EN","Endangered","EN","Endangered",NA,NA,NA,NA
"Thalassarche bulleri",NA,NA,"NT","Near Threatened","NT","Near Threatened","NT","Near Threatened",NA,NA,NA,NA
"Macronectes giganteus",NA,NA,"LC","Least Concern",NA,NA,"LC","Least Concern",NA,NA,NA,NA
"Macronectes halli",NA,NA,"LC","Least Concern",NA,NA,"LC","Least Concern",NA,NA,NA,NA
"Fulmarus glacialis",NA,NA,"LC","Least Concern","LC","Least Concern","LC","Least Concern",NA,NA,NA,NA
"Fulmarus glacialoides",NA,NA,"LC","Least Concern","LC","Least Concern","LC","Least Concern",NA,NA,NA,NA
"Thalassoica antarctica",NA,NA,"LC","Least Concern",NA,NA,"LC","Least Concern",NA,NA,NA,NA
"Daption capense",NA,NA,"LC","Least Concern","LC","Least Concern","LC","Least Concern",NA,NA,NA,NA
"Pagodroma nivea",NA,NA,"LC","Least Concern",NA,NA,"LC","Least Concern",NA,NA,NA,NA
"Halobaena caerulea",NA,NA,"LC","Least Concern",NA,NA,"LC","Least Concern",NA,NA,NA,NA
"Pachyptila vittata",NA,NA,"LC","Least Concern",NA,NA,"LC","Least Concern",NA,NA,NA,NA
"Pachyptila salvini",NA,NA,"LC","Least Concern",NA,NA,"LC","Least Concern",NA,NA,NA,NA
"Pachyptila desolata",NA,NA,"LC","Least Concern",NA,NA,"LC","Least Concern",NA,NA,NA,NA
"Pachyptila belcheri",NA,NA,"LC","Least Concern",NA,NA,"LC","Least Concern",NA,NA,NA,NA
"Pachyptila turtur",NA,NA,"LC","Least Concern",NA,NA,"LC","Least Concern",NA,NA,NA,NA
"Pachyptila crassirostris",NA,NA,"LC","Least Concern",NA,NA,"LC","Least Concern",NA,NA,NA,NA
"Aphrodroma brevirostris",NA,NA,"LC","Least Concern",NA,NA,"LC","Least Concern",NA,NA,NA,NA
"Pterodroma lessonii",NA,NA,"LC","Least Concern",NA,NA,"LC","Least Concern",NA,NA,NA,NA
"Pterodroma incerta","EN","Endangered","EN","Endangered",NA,NA,"EN","Endangered",NA,NA,NA,NA
"Pterodroma solandri","VU","Vulnerable","VU","Vulnerable",NA,NA,"VU","Vulnerable",NA,NA,NA,NA
"Pterodroma ultima","LC","Least Concern","NT","Near Threatened",NA,NA,"NT","Near Threatened",NA,NA,NA,NA
"Pterodroma mollis",NA,NA,"LC","Least Concern",NA,NA,"LC","Least Concern",NA,NA,NA,NA
"Pterodroma madeira",NA,NA,"EN","Endangered",NA,NA,"EN","Endangered",NA,NA,NA,NA
"Pterodroma cahow",NA,NA,"EN","Endangered",NA,NA,"EN","Endangered",NA,NA,NA,NA
"Pterodroma hasitata",NA,NA,"EN","Endangered",NA,NA,"EN","Endangered",NA,NA,NA,NA
"Pterodroma externa",NA,NA,"VU","Vulnerable",NA,NA,"VU","Vulnerable",NA,NA,NA,NA
"Pterodroma neglecta",NA,NA,"LC","Least Concern",NA,NA,"LC","Least Concern",NA,NA,NA,NA
"Pterodroma heraldica",NA,NA,"LC","Least Concern",NA,NA,"LC","Least Concern",NA,NA,NA,NA
"Pterodroma arminjoniana",NA,NA,"VU","Vulnerable",NA,NA,"VU","Vulnerable",NA,NA,NA,NA
"Pterodroma atrata",NA,NA,"EN","Endangered",NA,NA,"EN","Endangered",NA,NA,NA,NA
"Pterodroma alba",NA,NA,"EN","Endangered",NA,NA,"EN","Endangered",NA,NA,NA,NA
"Pterodroma baraui",NA,NA,"EN","Endangered",NA,NA,"EN","Endangered",NA,NA,NA,NA
"Pterodroma sandwichensis",NA,NA,"EN","Endangered",NA,NA,"VU","Vulnerable",NA,NA,NA,NA
"Pterodroma cervicalis",NA,NA,"VU","Vulnerable",NA,NA,"VU","Vulnerable",NA,NA,NA,NA
"Pterodroma nigripennis",NA,NA,"LC","Least Concern",NA,NA,"LC","Least Concern",NA,NA,NA,NA
"Pterodroma hypoleuca",NA,NA,"LC","Least Concern",NA,NA,"LC","Least Concern",NA,NA,NA,NA
"Pterodroma leucoptera",NA,NA,"VU","Vulnerable",NA,NA,"VU","Vulnerable",NA,NA,NA,NA
"Pterodroma brevipes",NA,NA,"VU","Vulnerable",NA,NA,"VU","Vulnerable",NA,NA,NA,NA
"Pterodroma cookii",NA,NA,"VU","Vulnerable",NA,NA,"VU","Vulnerable",NA,NA,NA,NA
"Pterodroma defilippiana",NA,NA,"VU","Vulnerable",NA,NA,"VU","Vulnerable",NA,NA,NA,NA
"Pterodroma longirostris","VU","Vulnerable","VU","Vulnerable",NA,NA,"VU","Vulnerable",NA,NA,NA,NA
"Pterodroma pycrofti",NA,NA,"VU","Vulnerable",NA,NA,"VU","Vulnerable",NA,NA,NA,NA
"Pseudobulweria rostrata",NA,NA,"NT","Near Threatened",NA,NA,"NT","Near Threatened",NA,NA,NA,NA
"Procellaria cinerea",NA,NA,"NT","Near Threatened",NA,NA,"NT","Near Threatened",NA,NA,NA,NA
"Procellaria conspicillata",NA,NA,"VU","Vulnerable","VU","Vulnerable","VU","Vulnerable",NA,NA,NA,NA
"Procellaria parkinsoni",NA,NA,"VU","Vulnerable","VU","Vulnerable","VU","Vulnerable",NA,NA,NA,NA
"Procellaria westlandica",NA,NA,"EN","Endangered","EN","Endangered","VU","Vulnerable",NA,NA,NA,NA
"Calonectris edwardsii",NA,NA,"NT","Near Threatened","NT","Near Threatened","NT","Near Threatened",NA,NA,NA,NA
"Ardenna pacifica",NA,NA,"LC","Least Concern","LC","Least Concern","LC","Least Concern",NA,NA,NA,NA
"Ardenna bulleri",NA,NA,"VU","Vulnerable",NA,NA,"VU","Vulnerable",NA,NA,NA,NA
"Ardenna grisea","NT","Near Threatened","NT","Near Threatened",NA,NA,"NT","Near Threatened",NA,NA,NA,NA
"Ardenna tenuirostris",NA,NA,"LC","Least Concern","LC","Least Concern","LC","Least Concern",NA,NA,NA,NA
"Ardenna creatopus",NA,NA,"VU","Vulnerable",NA,NA,"VU","Vulnerable",NA,NA,NA,NA
"Ardenna carneipes",NA,NA,"NT","Near Threatened","NT","Near Threatened","NT","Near Threatened",NA,NA,NA,NA
"Ardenna gravis",NA,NA,"LC","Least Concern",NA,NA,"LC","Least Concern",NA,NA,NA,NA
"Puffinus nativitatis",NA,NA,"LC","Least Concern",NA,NA,"LC","Least Concern",NA,NA,NA,NA
"Puffinus puffinus",NA,NA,"LC","Least Concern",NA,NA,"LC","Least Concern",NA,NA,NA,NA
"Puffinus opisthomelas",NA,NA,NA,NA,NA,NA,"NT","Near Threatened",NA,NA,NA,NA
"Puffinus gavia",NA,NA,"LC","Least Concern",NA,NA,"LC","Least Concern",NA,NA,NA,NA
"Puffinus huttoni","EN","Endangered","EN","Endangered",NA,NA,"EN","Endangered",NA,NA,NA,NA
"Puffinus heinrothi",NA,NA,"VU","Vulnerable",NA,NA,"VU","Vulnerable",NA,NA,NA,NA
"Bulweria bulwerii",NA,NA,"LC","Least Concern","LC","Least Concern","LC","Least Concern",NA,NA,NA,NA
"Oceanites oceanicus",NA,NA,"LC","Least Concern",NA,NA,"LC","Least Concern",NA,NA,NA,NA
"Oceanites gracilis",NA,NA,"DD","Data Deficient",NA,NA,"DD","Data Deficient",NA,NA,NA,NA
"Garrodia nereis",NA,NA,"LC","Least Concern",NA,NA,"LC","Least Concern",NA,NA,NA,NA
"Pelagodroma marina",NA,NA,"LC","Least Concern",NA,NA,"LC","Least Concern",NA,NA,NA,NA
"Fregetta grallaria",NA,NA,"LC","Least Concern",NA,NA,"LC","Least Concern",NA,NA,NA,NA
"Fregetta tropica",NA,NA,"LC","Least Concern",NA,NA,"LC","Least Concern",NA,NA,NA,NA
"Nesofregetta fuliginosa",NA,NA,"EN","Endangered",NA,NA,"EN","Endangered",NA,NA,NA,NA
"Hydrobates pelagicus",NA,NA,"LC","Least Concern","LC","Least Concern","LC","Least Concern",NA,NA,NA,NA
"Pelecanoides garnotii","EN","Endangered","EN","Endangered",NA,NA,"EN","Endangered",NA,NA,NA,NA
"Pelecanoides magellani",NA,NA,"LC","Least Concern",NA,NA,"LC","Least Concern",NA,NA,NA,NA
"Pelecanoides urinatrix",NA,NA,"LC","Least Concern",NA,NA,"LC","Least Concern",NA,NA,NA,NA
"Podiceps major",NA,NA,NA,NA,NA,NA,"LC","Least Concern",NA,NA,NA,NA
"Podiceps grisegena",NA,NA,"LC","Least Concern","LC","Least Concern","LC","Least Concern",NA,NA,NA,NA
"Podiceps cristatus","LC","Least Concern","LC","Least Concern",NA,NA,"LC","Least Concern",NA,NA,NA,NA
"Podiceps nigricollis",NA,NA,"LC","Least Concern","LC","Least Concern","LC","Least Concern",NA,NA,NA,NA
"Aechmophorus occidentalis","LC","Least Concern",NA,NA,NA,NA,"LC","Least Concern",NA,NA,NA,NA
"Aechmophorus clarkii",NA,NA,NA,NA,NA,NA,"LC","Least Concern",NA,NA,NA,NA
"Phaethon aethereus","LC","Least Concern","LC","Least Concern",NA,NA,"LC","Least Concern",NA,NA,NA,NA
"Phaethon rubricauda",NA,NA,"LC","Least Concern",NA,NA,"LC","Least Concern",NA,NA,NA,NA
"Phaethon lepturus",NA,NA,"LC","Least Concern",NA,NA,"LC","Least Concern",NA,NA,NA,NA
"Pelecanus onocrotalus",NA,NA,"LC","Least Concern",NA,NA,"LC","Least Concern",NA,NA,NA,NA
"Pelecanus crispus",NA,NA,NA,NA,"NT","Near Threatened","VU","Vulnerable",NA,NA,NA,NA
"Pelecanus conspicillatus",NA,NA,NA,NA,NA,NA,"LC","Least Concern",NA,NA,NA,NA
"Pelecanus erythrorhynchos",NA,NA,NA,NA,NA,NA,"LC","Least Concern",NA,NA,NA,NA
"Pelecanus occidentalis",NA,NA,"LC","Least Concern",NA,NA,"LC","Least Concern",NA,NA,NA,NA
"Pelecanus thagus",NA,NA,"NT","Near Threatened",NA,NA,"NT","Near Threatened",NA,NA,NA,NA
"Fregata aquila",NA,NA,"VU","Vulnerable","VU","Vulnerable","VU","Vulnerable",NA,NA,NA,NA
"Fregata magnificens",NA,NA,"LC","Least Concern",NA,NA,"LC","Least Concern",NA,NA,NA,NA
"Fregata minor",NA,NA,"LC","Least Concern","LC","Least Concern","LC","Least Concern",NA,NA,NA,NA
"Fregata ariel",NA,NA,"LC","Least Concern",NA,NA,"LC","Least Concern",NA,NA,NA,NA
"Morus bassanus",NA,NA,"LC","Least Concern",NA,NA,"LC","Least Concern",NA,NA,NA,NA
"Morus capensis",NA,NA,"EN","Endangered","EN","Endangered","VU","Vulnerable",NA,NA,NA,NA
"Morus serrator",NA,NA,"LC","Least Concern",NA,NA,"LC","Least Concern",NA,NA,NA,NA
"Papasula abbotti","EN","Endangered","EN","Endangered",NA,NA,"EN","Endangered",NA,NA,NA,NA
"Sula nebouxii",NA,NA,"LC","Least Concern",NA,NA,"LC","Least Concern",NA,NA,NA,NA
"Sula variegata",NA,NA,"LC","Least Concern",NA,NA,"LC","Least Concern",NA,NA,NA,NA
"Sula dactylatra",NA,NA,"LC","Least Concern",NA,NA,"LC","Least Concern",NA,NA,NA,NA
"Sula granti",NA,NA,"LC","Least Concern",NA,NA,"LC","Least Concern",NA,NA,NA,NA
"Sula sula",NA,NA,"LC","Least Concern",NA,NA,"LC","Least Concern",NA,NA,NA,NA
"Sula leucogaster",NA,NA,"LC","Least Concern","LC","Least Concern","LC","Least Concern",NA,NA,NA,NA
"Microcarbo melanoleucos",NA,NA,"LC","Least Concern",NA,NA,"LC","Least Concern",NA,NA,NA,NA
"Phalacrocorax punctatus",NA,NA,"LC","Least Concern",NA,NA,"LC","Least Concern",NA,NA,NA,NA
"Phalacrocorax featherstoni",NA,NA,"EN","Endangered","EN","Endangered","EN","Endangered",NA,NA,NA,NA
"Phalacrocorax nigrogularis","VU","Vulnerable","VU","Vulnerable",NA,NA,"VU","Vulnerable",NA,NA,NA,NA
"Leucocarbo carunculatus",NA,NA,"VU","Vulnerable",NA,NA,"VU","Vulnerable",NA,NA,NA,NA
"Leucocarbo chalconotus",NA,NA,"VU","Vulnerable",NA,NA,"VU","Vulnerable",NA,NA,NA,NA
"Leucocarbo onslowi",NA,NA,"CR","Critically Endangered",NA,NA,"CR","Critically Endangered",NA,NA,NA,NA
"Leucocarbo campbelli",NA,NA,"VU","Vulnerable",NA,NA,"VU","Vulnerable",NA,NA,NA,NA
"Leucocarbo colensoi",NA,NA,"VU","Vulnerable",NA,NA,"VU","Vulnerable",NA,NA,NA,NA
"Leucocarbo ranfurlyi",NA,NA,"VU","Vulnerable","VU","Vulnerable","VU","Vulnerable",NA,NA,NA,NA
"Phalaropus lobatus","LC","Least Concern","LC","Least Concern",NA,NA,"LC","Least Concern",NA,NA,NA,NA
"Phalaropus fulicarius",NA,NA,"LC","Least Concern",NA,NA,"LC","Least Concern",NA,NA,NA,NA
"Anous stolidus",NA,NA,"LC","Least Concern",NA,NA,"LC","Least Concern",NA,NA,NA,NA
"Anous tenuirostris",NA,NA,"LC","Least Concern",NA,NA,"LC","Least Concern",NA,NA,NA,NA
"Anous minutus",NA,NA,"LC","Least Concern","LC","Least Concern","LC","Least Concern",NA,NA,NA,NA
"Gygis alba",NA,NA,"LC","Least Concern",NA,NA,"LC","Least Concern",NA,NA,NA,NA
"Rynchops niger",NA,NA,NA,NA,NA,NA,"LC","Least Concern",NA,NA,NA,NA
"Creagrus furcatus",NA,NA,"LC","Least Concern",NA,NA,"LC","Least Concern",NA,NA,NA,NA
"Rissa tridactyla","VU","Vulnerable","VU","Vulnerable","VU","Vulnerable","LC","Least Concern",NA,NA,NA,NA
"Pagophila eburnea",NA,NA,"NT","Near Threatened","NT","Near Threatened","NT","Near Threatened",NA,NA,NA,NA
"Xema sabini",NA,NA,"LC","Least Concern",NA,NA,"LC","Least Concern",NA,NA,NA,NA
"Hydrocoloeus minutus",NA,NA,"LC","Least Concern",NA,NA,"LC","Least Concern",NA,NA,NA,NA
"Rhodostethia rosea",NA,NA,"LC","Least Concern",NA,NA,"LC","Least Concern",NA,NA,NA,NA
"Larus pacificus",NA,NA,"LC","Least Concern",NA,NA,"LC","Least Concern",NA,NA,NA,NA
"Larus belcheri",NA,NA,"LC","Least Concern",NA,NA,"LC","Least Concern",NA,NA,NA,NA
"Larus atlanticus",NA,NA,"NT","Near Threatened","NT","Near Threatened","NT","Near Threatened",NA,NA,NA,NA
"Larus crassirostris",NA,NA,"LC","Least Concern",NA,NA,"LC","Least Concern",NA,NA,NA,NA
"Larus heermanni",NA,NA,"NT","Near Threatened","NT","Near Threatened","NT","Near Threatened",NA,NA,NA,NA
"Larus canus","LC","Least Concern","LC","Least Concern",NA,NA,"LC","Least Concern",NA,NA,NA,NA
"Larus delawarensis",NA,NA,"LC","Least Concern",NA,NA,"LC","Least Concern",NA,NA,NA,NA
"Larus californicus",NA,NA,"LC","Least Concern",NA,NA,"LC","Least Concern",NA,NA,NA,NA
"Larus marinus",NA,NA,"LC","Least Concern",NA,NA,"LC","Least Concern",NA,NA,NA,NA
"Larus dominicanus",NA,NA,"LC","Least Concern",NA,NA,"LC","Least Concern",NA,NA,NA,NA
"Larus glaucescens",NA,NA,"LC","Least Concern",NA,NA,"LC","Least Concern",NA,NA,NA,NA
"Larus occidentalis",NA,NA,"LC","Least Concern",NA,NA,"LC","Least Concern",NA,NA,NA,NA
"Larus livens",NA,NA,"LC","Least Concern",NA,NA,"LC","Least Concern",NA,NA,NA,NA
"Larus hyperboreus",NA,NA,"LC","Least Concern",NA,NA,"LC","Least Concern",NA,NA,NA,NA
"Larus schistisagus",NA,NA,"LC","Least Concern",NA,NA,"LC","Least Concern",NA,NA,NA,NA
"Larus fuscus",NA,NA,"LC","Least Concern",NA,NA,"LC","Least Concern",NA,NA,NA,NA
"Thalasseus maximus",NA,NA,"LC","Least Concern",NA,NA,"LC","Least Concern",NA,NA,NA,NA
"Thalasseus elegans",NA,NA,"NT","Near Threatened",NA,NA,"NT","Near Threatened",NA,NA,NA,NA
"Thalasseus bengalensis",NA,NA,"LC","Least Concern",NA,NA,"LC","Least Concern",NA,NA,NA,NA
"Thalasseus sandvicensis","LC","Least Concern","LC","Least Concern",NA,NA,"LC","Least Concern",NA,NA,NA,NA
"Sternula albifrons","LC","Least Concern","LC","Least Concern",NA,NA,"LC","Least Concern",NA,NA,NA,NA
"Sternula saundersi","LC","Least Concern","LC","Least Concern",NA,NA,"LC","Least Concern",NA,NA,NA,NA
"Sternula antillarum",NA,NA,"LC","Least Concern",NA,NA,"LC","Least Concern",NA,NA,NA,NA
"Sternula lorata","EN","Endangered","EN","Endangered",NA,NA,"EN","Endangered",NA,NA,NA,NA
"Sternula nereis",NA,NA,"VU","Vulnerable","VU","Vulnerable","VU","Vulnerable",NA,NA,NA,NA
"Onychoprion lunatus",NA,NA,"LC","Least Concern",NA,NA,"LC","Least Concern",NA,NA,NA,NA
"Onychoprion anaethetus","LC","Least Concern","LC","Least Concern",NA,NA,"LC","Least Concern",NA,NA,NA,NA
"Onychoprion fuscatus",NA,NA,"LC","Least Concern","LC","Least Concern","LC","Least Concern",NA,NA,NA,NA
"Sterna dougallii",NA,NA,"LC","Least Concern","LC","Least Concern","LC","Least Concern",NA,NA,NA,NA
"Sterna striata",NA,NA,"NT","Near Threatened",NA,NA,"LC","Least Concern",NA,NA,NA,NA
"Sterna sumatrana",NA,NA,"LC","Least Concern",NA,NA,"LC","Least Concern",NA,NA,NA,NA
"Sterna hirundinacea",NA,NA,"LC","Least Concern",NA,NA,"LC","Least Concern",NA,NA,NA,NA
"Sterna hirundo",NA,NA,"LC","Least Concern",NA,NA,"LC","Least Concern",NA,NA,NA,NA
"Sterna repressa","LC","Least Concern","LC","Least Concern",NA,NA,"LC","Least Concern",NA,NA,NA,NA
"Sterna paradisaea",NA,NA,"LC","Least Concern",NA,NA,"LC","Least Concern",NA,NA,NA,NA
"Sterna vittata",NA,NA,"LC","Least Concern",NA,NA,"LC","Least Concern",NA,NA,NA,NA
"Sterna virgata",NA,NA,"NT","Near Threatened",NA,NA,"NT","Near Threatened",NA,NA,NA,NA
"Sterna forsteri",NA,NA,"LC","Least Concern",NA,NA,"LC","Least Concern",NA,NA,NA,NA
"Sterna trudeaui",NA,NA,"LC","Least Concern",NA,NA,"LC","Least Concern",NA,NA,NA,NA
"Chlidonias albostriatus",NA,NA,NA,NA,NA,NA,"EN","Endangered",NA,NA,NA,NA
"Chlidonias niger","LC","Least Concern","LC","Least Concern",NA,NA,"LC","Least Concern",NA,NA,NA,NA
"Larosterna inca",NA,NA,"NT","Near Threatened",NA,NA,"NT","Near Threatened",NA,NA,NA,NA
"Stercorarius pomarinus",NA,NA,"LC","Least Concern",NA,NA,"LC","Least Concern",NA,NA,NA,NA
"Stercorarius parasiticus",NA,NA,"LC","Least Concern",NA,NA,"LC","Least Concern",NA,NA,NA,NA
"Stercorarius longicaudus",NA,NA,"LC","Least Concern",NA,NA,"LC","Least Concern",NA,NA,NA,NA
"Alle alle",NA,NA,"LC","Least Concern",NA,NA,"LC","Least Concern",NA,NA,NA,NA
"Uria lomvia",NA,NA,"LC","Least Concern",NA,NA,"LC","Least Concern",NA,NA,NA,NA
"Uria aalge",NA,NA,"LC","Least Concern",NA,NA,"LC","Least Concern",NA,NA,NA,NA
"Cepphus grylle",NA,NA,"LC","Least Concern",NA,NA,"LC","Least Concern",NA,NA,NA,NA
"Cepphus columba",NA,NA,"LC","Least Concern","LC","Least Concern","LC","Least Concern",NA,NA,NA,NA
"Cepphus carbo",NA,NA,"LC","Least Concern",NA,NA,"LC","Least Concern",NA,NA,NA,NA
"Brachyramphus marmoratus",NA,NA,"EN","Endangered",NA,NA,"EN","Endangered",NA,NA,NA,NA
"Brachyramphus perdix",NA,NA,"NT","Near Threatened",NA,NA,"NT","Near Threatened",NA,NA,NA,NA
"Synthliboramphus craveri",NA,NA,"VU","Vulnerable",NA,NA,"VU","Vulnerable",NA,NA,NA,NA
"Synthliboramphus antiquus",NA,NA,"LC","Least Concern",NA,NA,"LC","Least Concern",NA,NA,NA,NA
"Synthliboramphus wumizusume",NA,NA,"VU","Vulnerable",NA,NA,"VU","Vulnerable",NA,NA,NA,NA
"Aethia psittacula",NA,NA,"LC","Least Concern",NA,NA,"LC","Least Concern",NA,NA,NA,NA
"Aethia pusilla",NA,NA,"LC","Least Concern",NA,NA,"LC","Least Concern",NA,NA,NA,NA
"Aethia pygmaea",NA,NA,"LC","Least Concern",NA,NA,"LC","Least Concern",NA,NA,NA,NA
"Aethia cristatella",NA,NA,NA,NA,NA,NA,"LC","Least Concern",NA,NA,NA,NA
"Cerorhinca monocerata",NA,NA,"LC","Least Concern",NA,NA,"LC","Least Concern",NA,NA,NA,NA
"Fratercula corniculata",NA,NA,"LC","Least Concern",NA,NA,"LC","Least Concern",NA,NA,NA,NA
"Fratercula cirrhata",NA,NA,"LC","Least Concern",NA,NA,"LC","Least Concern",NA,NA,NA,NA
"Somateria fischeri",NA,NA,"NT","Near Threatened",NA,NA,NA,NA,NA,NA,NA,NA
"Puffinus newelli","CR","Critically Endangered","CR","Critically Endangered",NA,NA,NA,NA,NA,NA,NA,NA
"Larus glaucoides","LC","Least Concern","LC","Least Concern",NA,NA,NA,NA,NA,NA,NA,NA
"Pelecanoides georgicus","LC","Least Concern",NA,NA,NA,NA,NA,NA,NA,NA,NA,NA
